{
    "AX": {
        "error": 0.050881195122993404, 
        "fit": "average", 
        "value": -0.09287043492440716
    }, 
    "CDD": {
        "error": 0.0002039251399937375, 
        "fit": "average", 
        "value": 0.00022664660015531506
    }, 
    "H1": {
        "error": 0.10675510659621157, 
        "fit": "average", 
        "value": -0.005417466032035325
    }, 
    "H2": {
        "error": 0.09539244232528744, 
        "fit": "average", 
        "value": -0.019944962097756695
    }, 
    "L1": {
        "error": 0.10285985732407563, 
        "fit": "average", 
        "value": -0.10730541827672271
    }, 
    "L2": {
        "error": 0.11137896563765261, 
        "fit": "average", 
        "value": -0.0022690631449222565
    }
}