{
    "AX": {
        "error": 0.0425152936869747, 
        "fit": "average", 
        "value": -0.07325601932314928
    }, 
    "CDD": {
        "error": 6.44918592674778e-05, 
        "fit": "average", 
        "value": 3.055909182876348e-05
    }, 
    "H1": {
        "error": 0.08144781487664327, 
        "fit": "average", 
        "value": -0.007571255123462163
    }, 
    "H2": {
        "error": 0.10003403448322176, 
        "fit": "average", 
        "value": -0.024623110616661944
    }, 
    "L1": {
        "error": 0.11012193074898444, 
        "fit": "average", 
        "value": -0.09654366951638266
    }, 
    "L2": {
        "error": 0.10134950608525084, 
        "fit": "average", 
        "value": 0.001873129581534222
    }
}