{
    "AX": {
        "error": 0.050029506880771714, 
        "fit": "average", 
        "value": -0.08762091876675202
    }, 
    "CDD": {
        "error": 5.4787651243522525e-05, 
        "fit": "average", 
        "value": 2.2919318871572615e-05
    }, 
    "H1": {
        "error": 0.07743119188108115, 
        "fit": "average", 
        "value": 0.0004665952494162395
    }, 
    "H2": {
        "error": 0.09535942274178912, 
        "fit": "average", 
        "value": -0.0271527290430018
    }, 
    "L1": {
        "error": 0.10830640696369565, 
        "fit": "average", 
        "value": -0.10240571586703147
    }, 
    "L2": {
        "error": 0.11328986300349625, 
        "fit": "average", 
        "value": 0.005090057370947315
    }
}