{
    "AX": {
        "error": 0.044068984714058235, 
        "fit": "average", 
        "value": -0.07124377388135415
    }, 
    "CDD": {
        "error": 9.062982877346534e-05, 
        "fit": "average", 
        "value": 5.6025001686066386e-05
    }, 
    "H1": {
        "error": 0.10018140751262627, 
        "fit": "average", 
        "value": -0.017343005884195798
    }, 
    "H2": {
        "error": 0.08740291330556647, 
        "fit": "average", 
        "value": -0.05649085111866027
    }, 
    "L1": {
        "error": 0.08504026827488899, 
        "fit": "average", 
        "value": -0.08654678160765845
    }, 
    "L2": {
        "error": 0.11605110879583355, 
        "fit": "average", 
        "value": 0.0004213239680493957
    }
}