{
    "AX": {
        "error": 0.047489336226614574, 
        "fit": "average", 
        "value": -0.08663221208540642
    }, 
    "CDD": {
        "error": 0.00015792557075802548, 
        "fit": "average", 
        "value": 0.00017189489202185844
    }, 
    "H1": {
        "error": 0.10857061702477644, 
        "fit": "average", 
        "value": -0.012739774044944327
    }, 
    "H2": {
        "error": 0.08583447871650114, 
        "fit": "average", 
        "value": -0.05098673099975871
    }, 
    "L1": {
        "error": 0.10565155183592463, 
        "fit": "average", 
        "value": -0.09692694994256548
    }, 
    "L2": {
        "error": 0.10219930129215148, 
        "fit": "average", 
        "value": -0.013963684593023652
    }
}