{
    "AX": {
        "error": 0.046232908531328304, 
        "fit": "average", 
        "value": -0.08471077759090843
    }, 
    "CDD": {
        "error": 0.00011851360356673425, 
        "fit": "average", 
        "value": 8.531079802196473e-05
    }, 
    "H1": {
        "error": 0.09787232162066598, 
        "fit": "average", 
        "value": -0.006367952115522649
    }, 
    "H2": {
        "error": 0.10201309207107274, 
        "fit": "average", 
        "value": -0.023725092684667017
    }, 
    "L1": {
        "error": 0.09818260922116219, 
        "fit": "average", 
        "value": -0.0932661920021612
    }, 
    "L2": {
        "error": 0.12162216516963226, 
        "fit": "average", 
        "value": 0.010986114722207117
    }
}