{
    "AX": {
        "error": 0.04156934376818831, 
        "fit": "average", 
        "value": -0.08385812622298927
    }, 
    "CDD": {
        "error": 0.00025082100862416717, 
        "fit": "average", 
        "value": 0.00043292047679036234
    }, 
    "H1": {
        "error": 0.09245826219064082, 
        "fit": "average", 
        "value": 0.04841941020527758
    }, 
    "H2": {
        "error": 0.09454357442529626, 
        "fit": "average", 
        "value": -0.03700136075479444
    }, 
    "L1": {
        "error": 0.10088039108051758, 
        "fit": "average", 
        "value": -0.10426051637133289
    }, 
    "L2": {
        "error": 0.12209691785097526, 
        "fit": "average", 
        "value": -0.0004888967470785158
    }
}