{
    "AX": {
        "error": 0.0540187238695418, 
        "fit": "average", 
        "value": -0.0788986488237399
    }, 
    "CDD": {
        "error": 0.00038647560735421423, 
        "fit": "average", 
        "value": 0.0008289154274583173
    }, 
    "H1": {
        "error": 0.11335569390770851, 
        "fit": "average", 
        "value": 0.03380567875393082
    }, 
    "H2": {
        "error": 0.07882947028901258, 
        "fit": "average", 
        "value": -0.018147299242402562
    }, 
    "L1": {
        "error": 0.0699966057533462, 
        "fit": "average", 
        "value": -0.09005206695868978
    }, 
    "L2": {
        "error": 0.10531799708261629, 
        "fit": "average", 
        "value": 0.008649271798715526
    }
}