{
    "AX": {
        "error": 0.04492693444055304, 
        "fit": "average", 
        "value": -0.08108017183131659
    }, 
    "CDD": {
        "error": 6.564762927433402e-05, 
        "fit": "average", 
        "value": 2.8012500843033193e-05
    }, 
    "H1": {
        "error": 0.10905420647635847, 
        "fit": "average", 
        "value": -0.023332369397887645
    }, 
    "H2": {
        "error": 0.09261211615372691, 
        "fit": "average", 
        "value": -0.03107547516144974
    }, 
    "L1": {
        "error": 0.09592374642125558, 
        "fit": "average", 
        "value": -0.11360851597193436
    }, 
    "L2": {
        "error": 0.12102350540004152, 
        "fit": "average", 
        "value": -0.009694119502806612
    }
}