{
    "AX": {
        "error": 0.045411012899247066, 
        "fit": "average", 
        "value": -0.07523864262199415
    }, 
    "CDD": {
        "error": 8.356244328259506e-05, 
        "fit": "average", 
        "value": 4.711193323601037e-05
    }, 
    "H1": {
        "error": 0.0908432408905428, 
        "fit": "average", 
        "value": 0.010235944448454418
    }, 
    "H2": {
        "error": 0.0830296442647942, 
        "fit": "average", 
        "value": -0.01785862374148756
    }, 
    "L1": {
        "error": 0.0894070291672133, 
        "fit": "average", 
        "value": -0.08352870266606803
    }, 
    "L2": {
        "error": 0.11675953714115853, 
        "fit": "average", 
        "value": 0.0001615496198767154
    }
}