{
    "AX": {
        "error": 0.047178663035672856, 
        "fit": "average", 
        "value": -0.09748804165202932
    }, 
    "CDD": {
        "error": 9.395134630831248e-05, 
        "fit": "average", 
        "value": 6.239147915039211e-05
    }, 
    "H1": {
        "error": 0.09652973579854568, 
        "fit": "average", 
        "value": 0.03191900296185754
    }, 
    "H2": {
        "error": 0.07160667166899691, 
        "fit": "average", 
        "value": -0.007881212256117058
    }, 
    "L1": {
        "error": 0.1288057642122105, 
        "fit": "average", 
        "value": -0.07086316409463583
    }, 
    "L2": {
        "error": 0.10143049707261315, 
        "fit": "average", 
        "value": -0.008442356489677049
    }
}