{
    "AX": {
        "error": 0.056646466989286104, 
        "fit": "average", 
        "value": -0.09045404172004956
    }, 
    "CDD": {
        "error": 0.00019609015012632435, 
        "fit": "average", 
        "value": 0.0002813983053783886
    }, 
    "H1": {
        "error": 0.08396231644520033, 
        "fit": "average", 
        "value": 0.04090215297816158
    }, 
    "H2": {
        "error": 0.09774961629791372, 
        "fit": "average", 
        "value": -0.0029818266810817196
    }, 
    "L1": {
        "error": 0.09287109668697299, 
        "fit": "average", 
        "value": -0.05563776866411385
    }, 
    "L2": {
        "error": 0.09694475747620376, 
        "fit": "average", 
        "value": 0.014085643543412203
    }
}