{
    "Ar36": {
        "error": 0.0014169681325975321, 
        "fit": "Parabolic", 
        "value": 0.0075474121963637905
    }, 
    "Ar37": {
        "error": 0.11998821642847424, 
        "fit": "linear", 
        "value": 0.0065539260033069943
    }, 
    "Ar38": {
        "error": 0.10507276079873966, 
        "fit": "linear", 
        "value": -0.10801174114291548
    }, 
    "Ar39": {
        "error": 0.047678511332090917, 
        "fit": "Parabolic", 
        "value": -0.052938427223614484
    }, 
    "Ar40": {
        "error": 0.11218472466473514, 
        "fit": "Parabolic", 
        "value": 2.0861823663637873
    }, 
    "Ar41": {
        "error": 0.099820484753010322, 
        "fit": "linear", 
        "value": -0.024665328186711473
    }
}