{
    "Ar36": {
        "error": 0.0041318599179316481, 
        "fit": "Parabolic", 
        "value": 0.14418131150951194
    }, 
    "Ar37": {
        "error": 0.11710474118196948, 
        "fit": "linear", 
        "value": 18.848537788412756
    }, 
    "Ar38": {
        "error": 0.10311319217078309, 
        "fit": "linear", 
        "value": 0.68120287627863751
    }, 
    "Ar39": {
        "error": 0.064380687167835141, 
        "fit": "Parabolic", 
        "value": 43.175704901758699
    }, 
    "Ar40": {
        "error": 0.12314108503751296, 
        "fit": "Parabolic", 
        "value": 46.979966880244021
    }, 
    "Ar41": {
        "error": 0.10796394003267797, 
        "fit": "linear", 
        "value": -0.010696688087230342
    }
}