{
    "Ar36": {
        "error": 0.0056051759041018468, 
        "fit": "Parabolic", 
        "value": 0.26016653270593737
    }, 
    "Ar37": {
        "error": 0.12720403994576357, 
        "fit": "linear", 
        "value": 2.9882148737332854
    }, 
    "Ar38": {
        "error": 0.10352552149244686, 
        "fit": "linear", 
        "value": 0.021341196283003305
    }, 
    "Ar39": {
        "error": 0.055095883302055899, 
        "fit": "Parabolic", 
        "value": 3.595241193161431
    }, 
    "Ar40": {
        "error": 0.14479258523049851, 
        "fit": "Parabolic", 
        "value": 87.725406461735361
    }, 
    "Ar41": {
        "error": 0.1044771680158413, 
        "fit": "linear", 
        "value": -0.027832378141023052
    }
}