{
    "Ar36": {
        "error": 0.0033673951709056733, 
        "fit": "Parabolic", 
        "value": 0.090843814934614325
    }, 
    "Ar37": {
        "error": 0.12066354864800852, 
        "fit": "linear", 
        "value": 0.2061417262208653
    }, 
    "Ar38": {
        "error": 0.095960579770349552, 
        "fit": "linear", 
        "value": -0.054521551875306586
    }, 
    "Ar39": {
        "error": 0.051622168578654336, 
        "fit": "Parabolic", 
        "value": 0.077547854555000115
    }, 
    "Ar40": {
        "error": 0.11187258178734642, 
        "fit": "Parabolic", 
        "value": 27.750563108039657
    }, 
    "Ar41": {
        "error": 0.10452868412626494, 
        "fit": "linear", 
        "value": 0.031018985257753939
    }
}